EventCreated,2024-05-28 21:25:07
EventCreated,2024-05-28 21:25:07
EventCreated,2024-05-28 21:25:07
displayEventInfo,2024-05-28 21:25:07
viewEventsByType,2024-05-28 21:25:07
setAvailableTickets,2024-05-28 21:25:07
buyTicket,2024-05-28 21:25:07
setAvailableTickets,2024-05-28 21:25:07
cancelTicket,2024-05-28 21:25:07
ReviewCreated,2024-05-28 21:25:07
displayReviewInfo,2024-05-28 21:25:07
ReservationCreated,2024-05-28 21:25:07
displayReservationInfo,2024-05-28 21:25:07
DiscountCreated,2024-05-28 21:25:07
displayDiscountInfo,2024-05-28 21:25:07
main,2024-05-28 21:25:07
UserCreated,2024-05-29 17:13:47
UserCreated,2024-05-29 17:31:24
displayEventInfo,2024-05-29 17:31:34
displayEventInfo,2024-05-29 17:31:34
displayEventInfo,2024-05-29 17:31:34
UserCreated,2024-05-29 17:31:50
UserCreated,2024-05-29 17:31:56
UserCreated,2024-05-29 17:33:12
UserCreated,2024-05-29 17:39:30
UserCreated,2024-05-29 17:39:47
UserCreated,2024-05-29 17:57:53
UserCreated,2024-05-29 17:58:25
UserCreated,2024-05-29 18:11:45
UserCreated,2024-05-29 18:27:27
